{
    "data": [
        {
            "network": "FedA",
            "country": "001",
            "zipcode": "07054",
            "state": "NJ",
            "destinationTerminal": "23451234",
            "creationDate": "05/22/2019",
            "creationUser": "Lalit",
            "effectiveDate": "04/23/2019",
            "processed": "Yes"
        },
        {
            "network": "FedA",
            "country": "001",
            "zipcode": "07054",
            "state": "NJ",
            "destinationTerminal": "23451234",
            "creationDate": "05/22/2019",
            "creationUser": "Lalit",
            "effectiveDate": "04/23/2019",
            "processed": "Yes"
        },
        {
            "network": "FedA",
            "country": "001",
            "zipcode": "07054",
            "state": "NJ",
            "destinationTerminal": "23451234",
            "creationDate": "05/22/2019",
            "creationUser": "Lalit",
            "effectiveDate": "04/23/2019",
            "processed": "Yes"
        }
    ]
} 